名前,緯度,経度,説明
IMG_2303.JPG,40.32618611111111,141.33343611111113,"撮影日時：2026:07:14 09:41:32
撮影順：1"
IMG_2304.JPG,40.326191666666666,141.33343611111113,"撮影日時：2026:07:14 09:41:36
撮影順：2"
IMG_2305.JPG,40.32611111111112,141.33340555555557,"撮影日時：2026:07:14 09:42:09
撮影順：3"
IMG_2306.JPG,40.327086111111115,141.3329611111111,"撮影日時：2026:07:14 09:43:58
撮影順：4"
IMG_2307.JPG,40.327086111111115,141.33297777777778,"撮影日時：2026:07:14 09:44:02
撮影順：5"
IMG_2308.JPG,40.32749166666667,141.33398333333335,"撮影日時：2026:07:14 09:47:05
撮影順：6"
IMG_2309.JPG,40.32747222222223,141.33404444444446,"撮影日時：2026:07:14 09:47:14
撮影順：7"
IMG_2310.JPG,40.32741666666667,141.33409166666667,"撮影日時：2026:07:14 09:47:27
撮影順：8"
IMG_2311.JPG,40.32741111111111,141.33409166666667,"撮影日時：2026:07:14 09:47:30
撮影順：9"
IMG_2312.JPG,40.32741111111111,141.33409166666667,"撮影日時：2026:07:14 09:47:33
撮影順：10"
IMG_2313.JPG,40.32743055555556,141.33412222222222,"撮影日時：2026:07:14 09:47:40
撮影順：11"
IMG_2314.JPG,40.32762777777778,141.33384722222223,"撮影日時：2026:07:14 09:48:04
撮影順：12"
IMG_2315.JPG,40.32781111111112,141.33378611111112,"撮影日時：2026:07:14 09:48:18
撮影順：13"
IMG_2316.JPG,40.32833055555556,141.33384722222223,"撮影日時：2026:07:14 09:49:01
撮影順：14"
IMG_2317.JPG,40.32823055555556,141.33368055555556,"撮影日時：2026:07:14 09:49:13
撮影順：15"
IMG_2318.JPG,40.327488888888894,141.33337500000002,"撮影日時：2026:07:14 09:50:09
撮影順：16"
IMG_2319.JPG,40.32703333333334,141.33306944444445,"撮影日時：2026:07:14 09:50:52
撮影順：17"
IMG_2320.JPG,40.32669722222222,141.33355833333334,"撮影日時：2026:07:14 09:51:51
撮影順：18"
IMG_2321.JPG,40.32653333333334,141.33363333333335,"撮影日時：2026:07:14 09:52:04
撮影順：19"
IMG_2322.JPG,40.32553888888889,141.33322222222222,"撮影日時：2026:07:14 09:54:39
撮影順：20"
IMG_2323.JPG,40.325608333333335,141.33308333333332,"撮影日時：2026:07:14 09:54:53
撮影順：21"
IMG_2324.JPG,40.325497222222225,141.3298027777778,"撮影日時：2026:07:14 09:56:35
撮影順：22"
IMG_2325.JPG,40.32533333333334,141.32580555555555,"撮影日時：2026:07:14 09:58:35
撮影順：23"
IMG_2326.JPG,40.32534722222223,141.325775,"撮影日時：2026:07:14 09:58:52
撮影順：24"
IMG_2327.JPG,40.32099166666667,141.32374444444443,"撮影日時：2026:07:14 10:02:34
撮影順：25"
IMG_2328.JPG,40.32099166666667,141.32373055555556,"撮影日時：2026:07:14 10:02:36
撮影順：26"
IMG_2329.JPG,40.320858333333334,141.32383611111112,"撮影日時：2026:07:14 10:02:50
撮影順：27"
IMG_2330.JPG,40.32031666666667,141.32582222222223,"撮影日時：2026:07:14 10:05:34
撮影順：28"
IMG_2331.JPG,40.32035833333334,141.32588333333334,"撮影日時：2026:07:14 10:05:45
撮影順：29"
IMG_2332.JPG,40.320350000000005,141.32588333333334,"撮影日時：2026:07:14 10:05:48
撮影順：30"
IMG_2333.JPG,40.32030555555556,141.32592777777776,"撮影日時：2026:07:14 10:05:55
撮影順：31"
IMG_2334.JPG,40.32003055555556,141.32594166666667,"撮影日時：2026:07:14 10:06:51
撮影順：32"
IMG_2335.JPG,40.320033333333335,141.32594166666667,"撮影日時：2026:07:14 10:06:52
撮影順：33"
IMG_2337.JPG,40.31676388888889,141.3262638888889,"撮影日時：2026:07:14 10:13:09
撮影順：35"
IMG_2338.JPG,40.31676111111111,141.32623333333333,"撮影日時：2026:07:14 10:13:12
撮影順：36"
IMG_2339.JPG,40.31605555555555,141.32426388888888,"撮影日時：2026:07:14 10:14:53
撮影順：37"
IMG_2340.JPG,40.31601666666666,141.32426388888888,"撮影日時：2026:07:14 10:14:59
撮影順：38"
IMG_2341.JPG,40.31529166666667,141.32423333333332,"撮影日時：2026:07:14 10:16:11
撮影順：39"
IMG_2342.JPG,40.31505833333333,141.3241111111111,"撮影日時：2026:07:14 10:16:50
撮影順：40"
IMG_2343.JPG,40.314930555555556,141.32736111111112,"撮影日時：2026:07:14 10:18:51
撮影順：41"
IMG_2344.JPG,40.31493333333333,141.32742222222222,"撮影日時：2026:07:14 10:18:58
撮影順：42"
IMG_2345.JPG,40.314902777777775,141.32743888888888,"撮影日時：2026:07:14 10:19:02
撮影順：43"
IMG_2346.JPG,40.31471388888889,141.32815555555555,"撮影日時：2026:07:14 10:20:59
撮影順：44"
IMG_2347.JPG,40.314655555555554,141.32826111111112,"撮影日時：2026:07:14 10:21:09
撮影順：45"
IMG_2348.JPG,40.313113888888886,141.32598888888887,"撮影日時：2026:07:14 10:23:18
撮影順：46"
IMG_2349.JPG,40.31299166666666,141.32585277777778,"撮影日時：2026:07:14 10:24:18
撮影順：47"
IMG_2350.JPG,40.31231388888889,141.3278361111111,"撮影日時：2026:07:14 10:26:14
撮影順：48"
IMG_2351.JPG,40.31230833333333,141.32780555555556,"撮影日時：2026:07:14 10:26:33
撮影順：49"
IMG_2352.JPG,40.310741666666665,141.3262472222222,"撮影日時：2026:07:14 10:28:11
撮影順：50"
IMG_2353.JPG,40.31075,141.3262472222222,"撮影日時：2026:07:14 10:28:16
撮影順：51"
IMG_2354.JPG,40.310488888888884,141.326325,"撮影日時：2026:07:14 10:28:35
撮影順：52"
IMG_2355.JPG,40.30396666666666,141.32832222222223,"撮影日時：2026:07:14 10:31:24
撮影順：53"
IMG_2356.JPG,40.29954444444444,141.32605,"撮影日時：2026:07:14 10:34:57
撮影順：54"
IMG_2357.JPG,40.29952222222222,141.32603333333333,"撮影日時：2026:07:14 10:35:01
撮影順：55"
IMG_2358.JPG,40.29944166666667,141.32606388888888,"撮影日時：2026:07:14 10:35:11
撮影順：56"
IMG_2359.JPG,40.29954166666666,141.32603333333333,"撮影日時：2026:07:14 10:35:20
撮影順：57"
IMG_2360.JPG,40.29903888888889,141.32508888888887,"撮影日時：2026:07:14 10:37:02
撮影順：58"
IMG_2361.JPG,40.29902777777777,141.32504166666666,"撮影日時：2026:07:14 10:37:09
撮影順：59"
IMG_2362.JPG,40.29899722222222,141.32502777777776,"撮影日時：2026:07:14 10:37:14
撮影順：60"
IMG_2363.JPG,40.29902222222222,141.32505833333332,"撮影日時：2026:07:14 10:37:36
撮影順：61"
IMG_2364.JPG,40.29902222222222,141.32505833333332,"撮影日時：2026:07:14 10:37:40
撮影順：62"
IMG_2365.JPG,40.291891666666665,141.32417222222222,"撮影日時：2026:07:14 10:40:58
撮影順：63"
IMG_2366.JPG,40.291875,141.3241111111111,"撮影日時：2026:07:14 10:41:03
撮影順：64"
IMG_2367.JPG,40.28903333333333,141.32075555555556,"撮影日時：2026:07:14 10:43:18
撮影順：65"
IMG_2368.JPG,40.28903333333333,141.32076944444444,"撮影日時：2026:07:14 10:43:21
撮影順：66"
IMG_2369.JPG,40.28904444444444,141.32078611111112,"撮影日時：2026:07:14 10:43:26
撮影順：67"
IMG_2370.JPG,40.28905833333333,141.32076944444444,"撮影日時：2026:07:14 10:43:31
撮影順：68"
IMG_2371.JPG,40.28048611111111,141.31759722222222,"撮影日時：2026:07:14 10:49:30
撮影順：69"
IMG_2372.JPG,40.28047222222222,141.31756666666666,"撮影日時：2026:07:14 10:49:36
撮影順：70"
IMG_2373.JPG,40.280430555555554,141.3175361111111,"撮影日時：2026:07:14 10:49:42
撮影順：71"
IMG_2374.JPG,40.280430555555554,141.3175361111111,"撮影日時：2026:07:14 10:49:44
撮影順：72"
IMG_2375.JPG,40.27141944444444,141.31314166666667,"撮影日時：2026:07:14 10:54:03
撮影順：73"
IMG_2376.JPG,40.27133888888889,141.31317222222222,"撮影日時：2026:07:14 10:54:14
撮影順：74"
IMG_2377.JPG,40.27133888888889,141.31317222222222,"撮影日時：2026:07:14 10:54:15
撮影順：75"
IMG_2378.JPG,40.27068611111111,141.31387222222224,"撮影日時：2026:07:14 10:55:48
撮影順：76"
IMG_2379.JPG,40.27066388888889,141.3139027777778,"撮影日時：2026:07:14 10:55:55
撮影順：77"
IMG_2380.JPG,40.270352777777774,141.31463611111113,"撮影日時：2026:07:14 11:00:44
撮影順：78"
IMG_2381.JPG,40.27034722222222,141.31459166666667,"撮影日時：2026:07:14 11:00:53
撮影順：79"
IMG_2382.JPG,40.27033333333333,141.31460555555557,"撮影日時：2026:07:14 11:01:00
撮影順：80"
IMG_2383.JPG,40.270336111111114,141.3145,"撮影日時：2026:07:14 11:01:28
撮影順：81"
IMG_2384.JPG,40.27032222222222,141.3145,"撮影日時：2026:07:14 11:01:31
撮影順：82"
IMG_2385.JPG,40.270224999999996,141.31459166666667,"撮影日時：2026:07:14 11:01:52
撮影順：83"
IMG_2386.JPG,40.26125,141.31053055555557,"撮影日時：2026:07:14 11:05:50
撮影順：84"
IMG_2387.JPG,40.26125277777778,141.31051666666667,"撮影日時：2026:07:14 11:06:01
撮影順：85"
IMG_2388.JPG,40.26128333333333,141.31056111111113,"撮影日時：2026:07:14 11:06:08
撮影順：86"
IMG_2389.JPG,40.261202777777775,141.31074444444445,"撮影日時：2026:07:14 11:06:25
撮影順：87"
IMG_2390.JPG,40.26145833333333,141.31066944444444,"撮影日時：2026:07:14 11:10:15
撮影順：88"
IMG_2391.JPG,40.25848055555556,141.30741944444446,"撮影日時：2026:07:14 11:14:09
撮影順：89"
IMG_2392.JPG,40.25850555555556,141.30748055555557,"撮影日時：2026:07:14 11:14:20
撮影順：90"
IMG_2393.JPG,40.25844444444444,141.30735833333335,"撮影日時：2026:07:14 11:14:33
撮影順：91"
IMG_2394.JPG,40.257691666666666,141.30549722222224,"撮影日時：2026:07:14 11:16:00
撮影順：92"
IMG_2395.JPG,40.25768611111111,141.30548055555556,"撮影日時：2026:07:14 11:16:04
撮影順：93"
IMG_2396.JPG,40.25763333333333,141.30535833333334,"撮影日時：2026:07:14 11:16:13
撮影順：94"
IMG_2397.JPG,40.25896111111111,141.3047777777778,"撮影日時：2026:07:14 11:17:59
撮影順：95"
IMG_2398.JPG,40.25893888888889,141.30479444444447,"撮影日時：2026:07:14 11:18:04
撮影順：96"
IMG_2399.JPG,40.25898611111111,141.30474722222223,"撮影日時：2026:07:14 11:18:12
撮影順：97"
IMG_2400.JPG,40.258963888888886,141.30444444444444,"撮影日時：2026:07:14 11:18:33
撮影順：98"
IMG_2401.JPG,40.25907222222222,141.30091944444445,"撮影日時：2026:07:14 11:19:49
撮影順：99"
IMG_2402.JPG,40.259052777777775,141.30071944444447,"撮影日時：2026:07:14 11:20:03
撮影順：100"
IMG_2403.JPG,40.259122222222224,141.30059722222222,"撮影日時：2026:07:14 11:20:16
撮影順：101"
IMG_2404.JPG,40.25915277777778,141.30050555555556,"撮影日時：2026:07:14 11:20:25
撮影順：102"
